"audience_name","event_date","user_id","raw_value"
Novo Cashback - 16/12,2024-12-18,149006367,50.00
Novo Cashback - 16/12,2024-12-18,152727445,200.00
Novo Cashback - 16/12,2024-12-18,156352091,50.00
Novo Cashback - 16/12,2024-12-18,151322621,26.00
Novo Cashback - 16/12,2024-12-18,44003470,10.00
Novo Cashback - 16/12,2024-12-18,153676304,30.00
Novo Cashback - 16/12,2024-12-18,154705960,20.00
Novo Cashback - 16/12,2024-12-18,116881169,200.00
Novo Cashback - 16/12,2024-12-18,44088977,10.00
Novo Cashback - 16/12,2024-12-18,43467311,100.00
Novo Cashback - 16/12,2024-12-18,43550576,20.00
Novo Cashback - 16/12,2024-12-18,132011565,15.00
Novo Cashback - 16/12,2024-12-18,156439770,100.00
Novo Cashback - 16/12,2024-12-18,153400092,30.00
Novo Cashback - 16/12,2024-12-18,150090928,30.00
Novo Cashback - 16/12,2024-12-18,114288635,5.00
Novo Cashback - 16/12,2024-12-18,151689328,3700.00
Novo Cashback - 16/12,2024-12-18,149576138,50.00
Novo Cashback - 16/12,2024-12-18,156189532,30.00
Novo Cashback - 16/12,2024-12-18,105424561,30.00
Novo Cashback - 16/12,2024-12-18,117579857,25.00
Novo Cashback - 16/12,2024-12-18,153869959,53.00
Novo Cashback - 16/12,2024-12-18,148726145,15.00
Novo Cashback - 16/12,2024-12-18,153094785,10.00
Novo Cashback - 16/12,2024-12-18,148538915,100.00
Novo Cashback - 16/12,2024-12-18,149322149,5.00
Novo Cashback - 16/12,2024-12-18,43592464,5.00
Novo Cashback - 16/12,2024-12-18,149896083,5.00
Novo Cashback - 16/12,2024-12-18,138721103,12.00
Novo Cashback - 16/12,2024-12-18,149734484,130.00
Novo Cashback - 16/12,2024-12-18,148358394,20.00
Novo Cashback - 16/12,2024-12-18,149448076,10.00
Novo Cashback - 16/12,2024-12-18,156191921,10.00
Novo Cashback - 16/12,2024-12-18,148536107,23.00
Novo Cashback - 16/12,2024-12-18,154453917,13.00
Novo Cashback - 16/12,2024-12-18,156024771,13.00
Novo Cashback - 16/12,2024-12-18,156405610,16.00
Novo Cashback - 16/12,2024-12-18,151475965,5.00
Novo Cashback - 16/12,2024-12-18,150040233,50.00
Novo Cashback - 16/12,2024-12-18,152740163,30.00
Novo Cashback - 16/12,2024-12-18,149546539,25.00
Novo Cashback - 16/12,2024-12-18,156535699,50.00
Novo Cashback - 16/12,2024-12-18,148540180,50.00
Novo Cashback - 16/12,2024-12-18,148767835,50.00
Novo Cashback - 16/12,2024-12-18,155079873,40.00
Novo Cashback - 16/12,2024-12-18,157035841,20.00
Novo Cashback - 16/12,2024-12-18,147435342,50.00
Novo Cashback - 16/12,2024-12-18,130879821,12.00
Novo Cashback - 16/12,2024-12-18,149044262,7.00
Novo Cashback - 16/12,2024-12-18,120904211,30.00
Novo Cashback - 16/12,2024-12-18,151527455,30.00
Novo Cashback - 16/12,2024-12-18,151365597,10.00
Novo Cashback - 16/12,2024-12-18,127331064,50.00
Novo Cashback - 16/12,2024-12-18,155213950,50.00
Novo Cashback - 16/12,2024-12-18,153213113,40.00
Novo Cashback - 16/12,2024-12-18,114885454,20.00
Novo Cashback - 16/12,2024-12-18,153421255,150.00
Novo Cashback - 16/12,2024-12-18,156530448,50.00
Novo Cashback - 16/12,2024-12-18,43548766,10.00
Novo Cashback - 16/12,2024-12-18,51153360,10.00
Novo Cashback - 16/12,2024-12-18,149716085,700.00
Novo Cashback - 16/12,2024-12-18,149400656,30.00
Novo Cashback - 16/12,2024-12-18,150307325,30.00
Novo Cashback - 16/12,2024-12-18,149629494,30.00
Novo Cashback - 16/12,2024-12-18,156458907,20.00
Novo Cashback - 16/12,2024-12-18,153920325,17.00
Novo Cashback - 16/12,2024-12-18,58868970,50.00
Novo Cashback - 16/12,2024-12-18,148379259,50.00
Novo Cashback - 16/12,2024-12-18,149781513,100.00
Novo Cashback - 16/12,2024-12-18,43375648,27.00
Novo Cashback - 16/12,2024-12-18,151727478,20.00
Novo Cashback - 16/12,2024-12-18,44812866,18.00
Novo Cashback - 16/12,2024-12-18,149097558,90.00
Novo Cashback - 16/12,2024-12-18,156628279,50.00
Novo Cashback - 16/12,2024-12-18,155992501,50.00
Novo Cashback - 16/12,2024-12-18,152118936,30.00
Novo Cashback - 16/12,2024-12-18,156402664,30.00
Novo Cashback - 16/12,2024-12-18,149723601,10.00
Novo Cashback - 16/12,2024-12-18,153609972,30.00
Novo Cashback - 16/12,2024-12-18,148458426,20.00
Novo Cashback - 16/12,2024-12-18,152200186,100.00
Novo Cashback - 16/12,2024-12-18,141130817,38.00
Novo Cashback - 16/12,2024-12-18,149298632,50.00
Novo Cashback - 16/12,2024-12-18,137163205,20.00
Novo Cashback - 16/12,2024-12-18,43412341,20.00
Novo Cashback - 16/12,2024-12-18,43650181,10.00
Novo Cashback - 16/12,2024-12-18,157043011,50.00
Novo Cashback - 16/12,2024-12-18,150733847,30.00
Novo Cashback - 16/12,2024-12-18,152644317,20.00
Novo Cashback - 16/12,2024-12-18,152054174,20.00
Novo Cashback - 16/12,2024-12-18,43753518,10.00
Novo Cashback - 16/12,2024-12-18,150688604,10.00
Novo Cashback - 16/12,2024-12-18,149547588,60.00
Novo Cashback - 16/12,2024-12-18,43633240,50.00
Novo Cashback - 16/12,2024-12-18,57269979,136.00
Novo Cashback - 16/12,2024-12-18,156774778,30.00
Novo Cashback - 16/12,2024-12-18,156090918,10.00
Novo Cashback - 16/12,2024-12-18,149275281,10.00
Novo Cashback - 16/12,2024-12-18,156438325,30.00
Novo Cashback - 16/12,2024-12-18,149739494,30.00
Novo Cashback - 16/12,2024-12-18,106179896,20.00
Novo Cashback - 16/12,2024-12-18,149709742,10.00
Novo Cashback - 16/12,2024-12-18,150936003,100.00
Novo Cashback - 16/12,2024-12-18,157045841,5.00
Novo Cashback - 16/12,2024-12-18,152118427,10.00
Novo Cashback - 16/12,2024-12-18,154190197,20.00
Novo Cashback - 16/12,2024-12-18,155939693,10.00
Novo Cashback - 16/12,2024-12-18,151392011,30.00
Novo Cashback - 16/12,2024-12-18,120024232,30.00
Novo Cashback - 16/12,2024-12-18,149575228,20.00
Novo Cashback - 16/12,2024-12-18,142722126,10.00
Novo Cashback - 16/12,2024-12-18,148627186,100.00
Novo Cashback - 16/12,2024-12-18,149241825,18.00
Novo Cashback - 16/12,2024-12-18,106782476,108.00
Novo Cashback - 16/12,2024-12-18,151689318,10.00
Novo Cashback - 16/12,2024-12-18,148577453,80.00
Novo Cashback - 16/12,2024-12-18,148691196,150.00
Novo Cashback - 16/12,2024-12-18,156411941,69.00
Novo Cashback - 16/12,2024-12-18,156719416,50.00
Novo Cashback - 16/12,2024-12-18,149926364,50.00
Novo Cashback - 16/12,2024-12-18,141703153,20.00
Novo Cashback - 16/12,2024-12-18,149413243,20.00
Novo Cashback - 16/12,2024-12-18,153738612,60.00
Novo Cashback - 16/12,2024-12-18,102238712,30.00
Novo Cashback - 16/12,2024-12-18,44576822,50.00
Novo Cashback - 16/12,2024-12-18,152056781,125.00
Novo Cashback - 16/12,2024-12-18,153411969,300.00
Novo Cashback - 16/12,2024-12-18,57235074,20.00
Novo Cashback - 16/12,2024-12-18,147528033,20.00
Novo Cashback - 16/12,2024-12-18,156720240,10.00
Novo Cashback - 16/12,2024-12-18,151698250,23.00
Novo Cashback - 16/12,2024-12-18,117368050,30.00
Novo Cashback - 16/12,2024-12-18,48353286,10.00
Novo Cashback - 16/12,2024-12-18,149462276,50.00
Novo Cashback - 16/12,2024-12-18,43492899,40.00
Novo Cashback - 16/12,2024-12-18,151844599,10.00
Novo Cashback - 16/12,2024-12-18,153953294,100.00
Novo Cashback - 16/12,2024-12-18,156622233,60.00
Novo Cashback - 16/12,2024-12-18,150813467,50.00
Novo Cashback - 16/12,2024-12-18,43514295,7.00
Novo Cashback - 16/12,2024-12-18,152369778,30.00
Novo Cashback - 16/12,2024-12-18,137106172,10.00
Novo Cashback - 16/12,2024-12-18,156085201,40.00
Novo Cashback - 16/12,2024-12-18,119513131,5.00
Novo Cashback - 16/12,2024-12-18,43189932,30.00
Novo Cashback - 16/12,2024-12-18,149609043,100.00
Novo Cashback - 16/12,2024-12-18,149733386,24.00
Novo Cashback - 16/12,2024-12-18,156668884,30.00
Novo Cashback - 16/12,2024-12-18,43580516,68.00
Novo Cashback - 16/12,2024-12-18,106264243,20.00
Novo Cashback - 16/12,2024-12-18,43307081,50.00
Novo Cashback - 16/12,2024-12-18,144660012,30.00
Novo Cashback - 16/12,2024-12-18,147458186,5.00
Novo Cashback - 16/12,2024-12-18,149787902,50.00
Novo Cashback - 16/12,2024-12-18,149489930,30.00
Novo Cashback - 16/12,2024-12-18,150073001,6.00
Novo Cashback - 16/12,2024-12-18,53567710,20.00
Novo Cashback - 16/12,2024-12-18,130198969,20.00
Novo Cashback - 16/12,2024-12-18,152358142,20.00
Novo Cashback - 16/12,2024-12-18,43488516,10.00
Novo Cashback - 16/12,2024-12-18,149491198,50.00
Novo Cashback - 16/12,2024-12-18,149624597,10.00
Novo Cashback - 16/12,2024-12-18,149004788,27.00
Novo Cashback - 16/12,2024-12-18,150690450,20.00
Novo Cashback - 16/12,2024-12-18,148922594,13.00
Novo Cashback - 16/12,2024-12-18,156181844,35.00
Novo Cashback - 16/12,2024-12-18,147433168,30.00
Novo Cashback - 16/12,2024-12-18,149362926,300.00
Novo Cashback - 16/12,2024-12-18,99410777,20.00
Novo Cashback - 16/12,2024-12-18,148604034,200.00
Novo Cashback - 16/12,2024-12-18,43453545,10.00
Novo Cashback - 16/12,2024-12-18,151297393,10.00
Novo Cashback - 16/12,2024-12-18,156989208,5.00
Novo Cashback - 16/12,2024-12-18,144939596,20.00
Novo Cashback - 16/12,2024-12-18,149433826,18.00
Novo Cashback - 16/12,2024-12-18,147440713,20.00
Novo Cashback - 16/12,2024-12-18,117872520,20.00
Novo Cashback - 16/12,2024-12-18,149512651,100.00
Novo Cashback - 16/12,2024-12-18,156384935,5.00
Novo Cashback - 16/12,2024-12-18,149118912,600.00
Novo Cashback - 16/12,2024-12-18,156436340,50.00
Novo Cashback - 16/12,2024-12-18,60631523,30.00
Novo Cashback - 16/12,2024-12-18,153774875,20.00
Novo Cashback - 16/12,2024-12-18,148449407,16.00
Novo Cashback - 16/12,2024-12-18,43406748,30.00
Novo Cashback - 16/12,2024-12-18,150251880,100.00
Novo Cashback - 16/12,2024-12-18,149766755,100.00
Novo Cashback - 16/12,2024-12-18,149923541,80.00
Novo Cashback - 16/12,2024-12-18,148756605,60.00
Novo Cashback - 16/12,2024-12-18,148654398,20.00
Novo Cashback - 16/12,2024-12-18,153479143,10.00
Novo Cashback - 16/12,2024-12-18,147499413,100.00
Novo Cashback - 16/12,2024-12-18,154043745,50.00
Novo Cashback - 16/12,2024-12-18,45794684,30.00
Novo Cashback - 16/12,2024-12-18,147426302,30.00
Novo Cashback - 16/12,2024-12-18,130192310,20.00
Novo Cashback - 16/12,2024-12-18,153701589,67.00
Novo Cashback - 16/12,2024-12-18,156889290,100.00
Novo Cashback - 16/12,2024-12-18,151793098,150.00
Novo Cashback - 16/12,2024-12-18,128502445,25.00
Novo Cashback - 16/12,2024-12-18,120927825,36.00
Novo Cashback - 16/12,2024-12-18,43907612,6.00
Novo Cashback - 16/12,2024-12-18,149800032,20.00
Novo Cashback - 16/12,2024-12-18,107302250,60.00
Novo Cashback - 16/12,2024-12-18,148860790,50.00
Novo Cashback - 16/12,2024-12-18,150359426,20.00
Novo Cashback - 16/12,2024-12-18,156359688,29.00
Novo Cashback - 16/12,2024-12-18,138522297,50.00
Novo Cashback - 16/12,2024-12-18,61245082,31.00
Novo Cashback - 16/12,2024-12-18,43406225,15.00
Novo Cashback - 16/12,2024-12-18,157044902,15.00
Novo Cashback - 16/12,2024-12-18,43171796,10.00
Novo Cashback - 16/12,2024-12-17,149550930,30.00
Novo Cashback - 16/12,2024-12-17,149432297,10.00
Novo Cashback - 16/12,2024-12-17,150920797,50.00
Novo Cashback - 16/12,2024-12-17,156480685,35.00
Novo Cashback - 16/12,2024-12-17,156385730,10.00
Novo Cashback - 16/12,2024-12-17,132190709,5.00
Novo Cashback - 16/12,2024-12-17,148319251,30.00
Novo Cashback - 16/12,2024-12-17,153150480,20.00
Novo Cashback - 16/12,2024-12-17,151476506,100.00
Novo Cashback - 16/12,2024-12-17,43202485,8.00
Novo Cashback - 16/12,2024-12-17,43925784,45.00
Novo Cashback - 16/12,2024-12-17,43579416,35.00
Novo Cashback - 16/12,2024-12-17,102773543,40.00
Novo Cashback - 16/12,2024-12-17,154502658,30.00
Novo Cashback - 16/12,2024-12-17,43658487,5.00
Novo Cashback - 16/12,2024-12-17,148643574,50.00
Novo Cashback - 16/12,2024-12-17,118584938,50.00
Novo Cashback - 16/12,2024-12-17,154131230,30.00
Novo Cashback - 16/12,2024-12-17,43195154,100.00
Novo Cashback - 16/12,2024-12-17,149628700,50.00
Novo Cashback - 16/12,2024-12-17,147611509,30.00
Novo Cashback - 16/12,2024-12-17,43214727,30.00
Novo Cashback - 16/12,2024-12-17,148544372,30.00
Novo Cashback - 16/12,2024-12-17,43243910,100.00
Novo Cashback - 16/12,2024-12-17,43237337,5.00
Novo Cashback - 16/12,2024-12-17,43166485,47.00
Novo Cashback - 16/12,2024-12-17,43303818,20.00
Novo Cashback - 16/12,2024-12-17,148541861,20.00
Novo Cashback - 16/12,2024-12-17,148694751,1000.00
Novo Cashback - 16/12,2024-12-17,152581244,20.00
Novo Cashback - 16/12,2024-12-17,43201896,15.00
Novo Cashback - 16/12,2024-12-17,152890905,5.00
Novo Cashback - 16/12,2024-12-17,55519414,55.00
Novo Cashback - 16/12,2024-12-17,150710931,50.00
Novo Cashback - 16/12,2024-12-17,154742024,30.00
Novo Cashback - 16/12,2024-12-17,43296782,25.00
Novo Cashback - 16/12,2024-12-17,43167915,170.00
Novo Cashback - 16/12,2024-12-17,44322181,40.00
Novo Cashback - 16/12,2024-12-17,147767761,38.00
Novo Cashback - 16/12,2024-12-17,121334787,50.00
Novo Cashback - 16/12,2024-12-17,149557582,20.00
Novo Cashback - 16/12,2024-12-17,156862473,20.00
Novo Cashback - 16/12,2024-12-17,156830825,15.00
Novo Cashback - 16/12,2024-12-17,43210028,15.00
Novo Cashback - 16/12,2024-12-17,153099590,50.00
Novo Cashback - 16/12,2024-12-17,151362578,30.00
Novo Cashback - 16/12,2024-12-17,152139847,30.00
Novo Cashback - 16/12,2024-12-17,43862548,30.00
Novo Cashback - 16/12,2024-12-17,148984039,30.00
Novo Cashback - 16/12,2024-12-17,156396664,15.00
Novo Cashback - 16/12,2024-12-17,149690307,5.00
Novo Cashback - 16/12,2024-12-17,156577351,50.00
Novo Cashback - 16/12,2024-12-17,149541528,200.00
Novo Cashback - 16/12,2024-12-17,43384402,200.00
Novo Cashback - 16/12,2024-12-17,149306821,15.00
Novo Cashback - 16/12,2024-12-17,148348887,10.00
Novo Cashback - 16/12,2024-12-17,156755642,100.00
Novo Cashback - 16/12,2024-12-17,44038451,30.00
Novo Cashback - 16/12,2024-12-17,72951758,10.00
Novo Cashback - 16/12,2024-12-17,156864386,30.00
Novo Cashback - 16/12,2024-12-17,60659384,30.00
Novo Cashback - 16/12,2024-12-17,118669284,20.00
Novo Cashback - 16/12,2024-12-17,149713280,15.00
Novo Cashback - 16/12,2024-12-17,148537693,100.00
Novo Cashback - 16/12,2024-12-17,101512493,98.00
Novo Cashback - 16/12,2024-12-17,43290600,40.00
Novo Cashback - 16/12,2024-12-17,154055383,30.00
Novo Cashback - 16/12,2024-12-17,43175615,50.00
Novo Cashback - 16/12,2024-12-17,148542568,30.00
Novo Cashback - 16/12,2024-12-17,44515337,200.00
Novo Cashback - 16/12,2024-12-17,43286345,10.00
Novo Cashback - 16/12,2024-12-17,153962084,100.00
Novo Cashback - 16/12,2024-12-17,43174178,10.00
Novo Cashback - 16/12,2024-12-17,114184157,10.00
Novo Cashback - 16/12,2024-12-17,55383673,50.00
Novo Cashback - 16/12,2024-12-17,145685045,20.00
Novo Cashback - 16/12,2024-12-17,134180312,10.00
Novo Cashback - 16/12,2024-12-17,130984787,25.00
Novo Cashback - 16/12,2024-12-17,156891917,10.00
Novo Cashback - 16/12,2024-12-17,153257794,100.00
Novo Cashback - 16/12,2024-12-17,149287556,52.00
Novo Cashback - 16/12,2024-12-17,148473951,100.00
Novo Cashback - 16/12,2024-12-17,149132698,50.00
Novo Cashback - 16/12,2024-12-17,150187982,25.00
Novo Cashback - 16/12,2024-12-17,57283093,50.00
Novo Cashback - 16/12,2024-12-17,156573636,100.00
Novo Cashback - 16/12,2024-12-17,157042405,40.00
Novo Cashback - 16/12,2024-12-17,43216909,35.00
Novo Cashback - 16/12,2024-12-17,124345606,30.00
Novo Cashback - 16/12,2024-12-17,149544821,30.00
Novo Cashback - 16/12,2024-12-17,43191335,28.00
Novo Cashback - 16/12,2024-12-17,149716745,20.00
Novo Cashback - 16/12,2024-12-17,43209017,20.00
Novo Cashback - 16/12,2024-12-17,155012128,629.00
Novo Cashback - 16/12,2024-12-17,149900120,30.00
Novo Cashback - 16/12,2024-12-17,148286566,30.00
Novo Cashback - 16/12,2024-12-17,43260558,15.00
Novo Cashback - 16/12,2024-12-17,156575703,100.00
Novo Cashback - 16/12,2024-12-17,101047285,30.00
Novo Cashback - 16/12,2024-12-17,148581263,30.00
Novo Cashback - 16/12,2024-12-17,138630332,15.00
Novo Cashback - 16/12,2024-12-17,148140810,35.00
Novo Cashback - 16/12,2024-12-17,43232565,6.00
Novo Cashback - 16/12,2024-12-17,149964196,100.00
Novo Cashback - 16/12,2024-12-17,44101710,30.00
Novo Cashback - 16/12,2024-12-17,61246758,20.00
Novo Cashback - 16/12,2024-12-17,43279688,10.00
Novo Cashback - 16/12,2024-12-17,43216292,5.00
Novo Cashback - 16/12,2024-12-17,44171658,8.00
Novo Cashback - 16/12,2024-12-17,147914565,50.00
Novo Cashback - 16/12,2024-12-17,154324012,40.00
Novo Cashback - 16/12,2024-12-17,149539383,100.00
Novo Cashback - 16/12,2024-12-17,43278814,66.00
Novo Cashback - 16/12,2024-12-17,73045586,50.00
Novo Cashback - 16/12,2024-12-17,156590279,12.00
Novo Cashback - 16/12,2024-12-17,148767340,30.00
Novo Cashback - 16/12,2024-12-17,153334531,32.00
Novo Cashback - 16/12,2024-12-17,43170415,200.00
Novo Cashback - 16/12,2024-12-17,43211162,10.00
Novo Cashback - 16/12,2024-12-17,152239732,5.00
Novo Cashback - 16/12,2024-12-17,79355099,50.00
Novo Cashback - 16/12,2024-12-17,137630712,30.00
Novo Cashback - 16/12,2024-12-17,58842366,10.00
Novo Cashback - 16/12,2024-12-17,146615640,12.00
Novo Cashback - 16/12,2024-12-17,148542545,7.00
Novo Cashback - 16/12,2024-12-17,43194723,49.00
Novo Cashback - 16/12,2024-12-17,149449715,30.00
Novo Cashback - 16/12,2024-12-17,43539925,20.00
Novo Cashback - 16/12,2024-12-17,156704470,20.00
Novo Cashback - 16/12,2024-12-17,153072699,10.00
Novo Cashback - 16/12,2024-12-17,43218317,30.00
Novo Cashback - 16/12,2024-12-17,149640102,30.00
Novo Cashback - 16/12,2024-12-17,148294488,50.00
Novo Cashback - 16/12,2024-12-17,154610468,40.00
Novo Cashback - 16/12,2024-12-17,52344290,35.00
Novo Cashback - 16/12,2024-12-17,151910768,30.00
Novo Cashback - 16/12,2024-12-17,150721703,30.00
Novo Cashback - 16/12,2024-12-17,141791891,25.00
Novo Cashback - 16/12,2024-12-17,43168077,6.00
Novo Cashback - 16/12,2024-12-17,43232354,20.00
Novo Cashback - 16/12,2024-12-17,149255934,100.00
Novo Cashback - 16/12,2024-12-17,156115398,25.00
Novo Cashback - 16/12,2024-12-17,57493102,27.00
Novo Cashback - 16/12,2024-12-17,108547884,20.00
Novo Cashback - 16/12,2024-12-17,156150145,20.00
Novo Cashback - 16/12,2024-12-17,149091260,200.00
Novo Cashback - 16/12,2024-12-17,43197374,100.00
Novo Cashback - 16/12,2024-12-17,153383595,5.00
Novo Cashback - 16/12,2024-12-17,43287357,20.00
Novo Cashback - 16/12,2024-12-17,149204732,200.00
Novo Cashback - 16/12,2024-12-17,154967627,200.00
Novo Cashback - 16/12,2024-12-17,43186068,10.00
Novo Cashback - 16/12,2024-12-17,148571276,10.00
Novo Cashback - 16/12,2024-12-17,144450199,10.00
Novo Cashback - 16/12,2024-12-17,138150091,50.00
Novo Cashback - 16/12,2024-12-17,137189582,30.00
Novo Cashback - 16/12,2024-12-17,64869965,50.00
Novo Cashback - 16/12,2024-12-17,44252268,30.00
Novo Cashback - 16/12,2024-12-17,151938811,10.00
Novo Cashback - 16/12,2024-12-17,43309266,100.00
Novo Cashback - 16/12,2024-12-17,151542243,20.00
Novo Cashback - 16/12,2024-12-17,105994409,100.00
Novo Cashback - 16/12,2024-12-17,147065291,150.00
Novo Cashback - 16/12,2024-12-17,156861443,20.00
Novo Cashback - 16/12,2024-12-17,148735912,10.00
Novo Cashback - 16/12,2024-12-17,151345379,18.00
Novo Cashback - 16/12,2024-12-17,150683418,50.00
Novo Cashback - 16/12,2024-12-17,44075374,40.00
Novo Cashback - 16/12,2024-12-17,43212456,10.00
Novo Cashback - 16/12,2024-12-17,44440717,100.00
Novo Cashback - 16/12,2024-12-17,43860558,5.00
Novo Cashback - 16/12,2024-12-17,44376034,54.00
Novo Cashback - 16/12,2024-12-17,147928680,20.00
Novo Cashback - 16/12,2024-12-17,43167814,10.00
Novo Cashback - 16/12,2024-12-17,43319529,22.00
Novo Cashback - 16/12,2024-12-17,147479583,35.00
Novo Cashback - 16/12,2024-12-17,147431595,30.00
Novo Cashback - 16/12,2024-12-17,148538910,50.00
Novo Cashback - 16/12,2024-12-17,43295672,50.00
Novo Cashback - 16/12,2024-12-17,46895537,10.00
Novo Cashback - 16/12,2024-12-17,148736096,100.00
Novo Cashback - 16/12,2024-12-17,148696489,100.00
Novo Cashback - 16/12,2024-12-17,148679407,65.00
Novo Cashback - 16/12,2024-12-17,148605371,150.00
Novo Cashback - 16/12,2024-12-17,153433458,350.00
Novo Cashback - 16/12,2024-12-17,60602654,50.00
Novo Cashback - 16/12,2024-12-17,149646069,50.00
Novo Cashback - 16/12,2024-12-17,150138809,10.00
Novo Cashback - 16/12,2024-12-17,131578455,30.00
Novo Cashback - 16/12,2024-12-17,149550270,30.00
Novo Cashback - 16/12,2024-12-17,149628447,30.00
Novo Cashback - 16/12,2024-12-17,154285788,100.00
Novo Cashback - 16/12,2024-12-17,147495178,70.00
Novo Cashback - 16/12,2024-12-17,149031451,500.00
Novo Cashback - 16/12,2024-12-17,150853611,25.00
Novo Cashback - 16/12,2024-12-16,43199795,60.00
Novo Cashback - 16/12,2024-12-16,43250189,20.00
Novo Cashback - 16/12,2024-12-16,43176925,30.00
Novo Cashback - 16/12,2024-12-16,43199550,17.00
Novo Cashback - 16/12,2024-12-16,43182523,10.00
Novo Cashback - 16/12,2024-12-16,43293818,10.00
Novo Cashback - 16/12,2024-12-16,43199970,37.00
Novo Cashback - 16/12,2024-12-16,43234867,100.00
Novo Cashback - 16/12,2024-12-16,43206777,25.00
Novo Cashback - 16/12,2024-12-16,43281864,20.00
